Mixture,B cells naive,B cells memory,Plasma cells,T cells CD8,T cells CD4 naive,T cells CD4 memory resting,T cells CD4 memory activated,T cells follicular helper,T cells regulatory (Tregs),T cells gamma delta,NK cells resting,NK cells activated,Monocytes,Macrophages M0,Macrophages M1,Macrophages M2,Dendritic cells resting,Dendritic cells activated,Mast cells resting,Mast cells activated,Eosinophils,Neutrophils,P-value,Correlation,RMSE
BNT_Convalescent_10_Day0,0.0609512339432743,0,7.8272051075648e-05,0.107607228311142,0,0.101864008136063,0.0355419836400426,0,0,0.00061545977751049,0.144864270588368,0,0.0581043303560589,0,0,0.0157274387551458,0,0,0.0302554625892545,0,0,0.444390311852064,0,0.729888797704379,0.69084644139771
BNT_Convalescent_10_Day1,0.0303121900589372,0.0107478602435356,0,0.0430165366384873,0.0248888380329398,0.0211069493793695,0.0407677082719598,0,0,0.0249798896575896,0.0689446649637021,0,0.0479984559517972,0,0,0.0127078817740591,0,0,0.031680434096016,0,0,0.642848590931607,0,0.780342352804284,0.628168279172712
BNT_Convalescent_11_Day0,0.0382006940937501,0.0151340902989035,0,0.051647821680858,0.0331123466874915,0.00019458155072563,0.0311661414650601,0.00122030564028044,0,0,0.182539259272559,0,0.0942409217925075,0,0,0.0064558935898178,0,0,0.0215828554073543,0,0,0.524505088520692,0,0.757844656443837,0.65494632435413
BNT_Convalescent_11_Day1,0.0229021005748233,0.0182094776496734,0,0.0458966388119093,0.0209104002928085,0.00983511914421373,0.0297733414707879,0.00385908614249687,0,0.0237923125790786,0.0280220592082147,0.00914814893343541,0,0,0,0.0444326254143472,0.00490154754887292,0.00298500580049196,0.0558967709865243,0,0,0.679435365442322,0,0.796069445720418,0.608779081459213
BNT_Convalescent_11_Day7,0.0426777741094545,0.0146240483045899,0,0.0604710898876786,0.0285483131415618,0.0597139076265907,0.0315807518908103,0,0,0,0.0559461842295232,0,0,0,0,0.0472774651964618,0,0.0159896362493447,0.00611333722554478,0,0,0.63705749213844,0,0.712582317774092,0.707484725325413
BNT_Convalescent_12_Day0,0,0.0293382391047469,0.000786958425824904,0.148495109223721,0.0262786997904498,0.0498636352248608,0.044140264959615,0,0,0,0.134267252342065,0,0.19848043256658,0,0,0.0262059554735966,0,0,0.0135355675014436,0,0.00574968292885051,0.322858202458246,0,0.702700208615759,0.722419656267348
BNT_Convalescent_12_Day1,0,0.0218229583556239,0.00142407341482642,0.0604714820627586,0.0320545499042787,0.0158721838776107,0.0432894229115395,0,0,0.0063201887358342,0.0720521041824065,0,0.0535076654767583,0,0,0.00760176626705257,0,0,0.0162923354454634,0,0,0.669291269365847,0,0.798560345788919,0.605689075567321
BNT_Convalescent_12_Day7,0,0.0258396900342484,0.00530552203896756,0.0874935620189534,0.0310683700084395,0.0128406453400277,0.0351187695353493,0.00133963924894404,0,0.00232393905574128,0.093128305414655,0,0.0605333094804182,0,0,0.00931376951979628,0,0,0.0149351915824559,0,0.00322106072184009,0.617538226000163,0,0.765727422961147,0.645515194132773
BNT_Convalescent_13_Day1,0.0228082595256154,0.0170677255595943,0,0.0292736060492359,0.0475676198868397,7.31547604342461e-05,0.026732280045937,0,0,0.00425325056044555,0.0250012301883918,0.00596296179545484,0,0,0,0.0395847150161561,0.00296006203646904,0,0.0536595299552155,0,0,0.72505560462021,0,0.812077927084963,0.590417933607217
BNT_Convalescent_13_Day7,0.070322129967156,0.0268416694643228,0,0.040667325909241,0,0.152780286423001,0.0410258542514044,0,0,0,0.0742355790923171,0,0,0,0,0.0158301749713876,0,0,0.035683140220674,0,0.0316869196790158,0.51092692002148,0,0.511786613271217,0.873378699230902
BNT_Convalescent_14_Day0,0.0558276137201492,0.0197382789653163,0,0.0483348422339918,0.0495229088811453,0.0632263668341726,0.04647881149446,0,0,0,0.163093733538272,0,0.10147429774302,0,0,0.00733882507853459,0,0,0.0181559078015712,0,0,0.426808413709367,0,0.688991721256724,0.727629739287937
BNT_Convalescent_14_Day1,0.0339752079230151,0.0163814413304137,0,0.0093778324836782,0.040042477288991,0.0308628495755846,0.0356776409528735,0.00212444216353038,0,0.0032866316220557,0.0882163404343649,0,0.0398346213221449,0,0,0.00905706828203491,0,0,0.0134744204042189,0,0,0.677689026217094,0,0.798465745516928,0.60633039046422
BNT_Convalescent_14_Day7,0.0605608568225159,0.0109999357260793,0,0.0900285517413572,0.0152829818936881,0.0696338685552065,0.0429247173257407,0,0,0.0274328586211374,0.0075594107002688,0.00248907468664833,0,0,0,0.0406164733381283,0.0014076228075063,0,0.052602441217909,0,0.0145123735106866,0.563948833053128,0,0.676234032435365,0.738562692061188
BNT_Convalescent_15_Day0,0.0886754885010904,0,0,0.0388788340155461,0.0406845524685629,0,0.032500699086732,0,0,0,0.125121442253436,0,0.122513842031198,0,0,0.00715554254977974,0,0,0.0275795371444311,0,0,0.516890061949224,0,0.742086873023469,0.672044704266855
BNT_Convalescent_15_Day1,0.026481434555439,0.0122369634980564,0,0.0074440267059016,0.0278598045360366,0,0.0485462623778732,0,0,0,0.100809188516311,0,0.0712578268076159,0,0,0.0146477344673459,0,0,0.0337351925205364,0,0,0.656981566014884,0,0.811330214179541,0.587224392588677
BNT_Convalescent_15_Day7,0.043735321027884,0.00842248177424093,0,0.00670134811360871,0.0524984113947067,0.00385235189324876,0.039635305405283,0,0,0,0.0509072905236397,0.00564380355539513,0.0035560213477989,0,0,0.0471368590010536,0.00104374215167765,0.0167994216611393,0.0641700191182438,0,0,0.65589762303208,0,0.719805477911642,0.701099697697788
BNT_Convalescent_16_Day0,0.0621748041325422,0.0165131833087174,0,0.0767071716876758,0.0602750981877413,0.125558869583694,0.0185411714501888,0,0,0,0.113513598998271,0.0131466779510748,0.172062747140587,0,0,0.0198247745200391,0,0.000496168057003995,0.0103119959250573,0,0,0.310873739057407,0,0.706269711114693,0.723582722989025
BNT_Convalescent_16_Day1,0.0310451379468814,0.00361054214506201,0,0.0117319528826789,0.0736925584446688,0.0168287415394792,0.0489623762813253,0,0,0,0.0482366338677009,0,0.0768525245566575,0,0,0.0131713465906213,0,0,0.0202379108463485,0,0,0.655630274898576,0,0.813247948802934,0.583987117836218
BNT_Convalescent_16_Day7,0.0399901115266036,0.0200346734027096,0,0.00444473321095674,0.00499715677938199,0.07712214001424,0.0455599754701989,0,0,0,0.0539403370504401,0,0.0835975444831591,0,0,0.01881620166809,0,0.0074084938890113,0.0306924482802972,0,0,0.613396184224911,0,0.550855776777391,0.867803550589763
BNT_Convalescent_1_Day0,0.0287281547530392,0.0178238681575443,0,0,0.0403420638526855,0,0.037575421735522,0,0,0.000902297942921322,0.0616352282235167,0,0.165940889217916,0,0,0.0374619457399535,0,0.00090028644371286,0.0397867755635043,0,0,0.568903068369685,0,0.777457842718741,0.629651839268595
BNT_Convalescent_1_Day1,0.0322505198547242,0.012120726391239,0,0,0.0308010248709327,0,0.0372646228326453,0,0,0,0.0620934745373523,0,0.124822502400753,0,0,0.016829151067869,0,0.00255646437301481,0.0366986563205399,0,0,0.64456285735093,0,0.808780753787353,0.590540669760066
BNT_Convalescent_1_Day7,0.0289316606266654,0.00977382289667832,0,0,0.0262141077836952,0.0619776198308441,0.0285588801289594,0,0,0,0.0472400122325183,0,0.0738436560454573,0,0,0.0193297277927707,0,0.00293717300631423,0.0333872294841215,0,0.0173274999815952,0.65047861019038,0,0.720557053647489,0.702861849180545
BNT_Convalescent_2_Day1,0.0196041055110078,0,0,0.0137691889312226,0.044624940198403,0.0222533600455767,0.0278767304049114,0,0,0,0.0687629310576074,0,0.112556785372765,0,0,0.00555064335115722,0,0,0.0122183601021616,0,0,0.672782955025188,0,0.808971577263638,0.592644222831432
BNT_Convalescent_2_Day7,0.0143594716318134,0.0176205741911812,0,0.0650081194377302,0.0640270479014134,0.0706531473711065,0.024599568448089,0,0,0,0.0553629151230723,0.00430233116081633,0.0428669465969538,0,0,0.0175514720291159,0,0,0.0224823088278197,0,0.0169688523376448,0.584197244943243,0,0.685057756894752,0.732462731837466
BNT_Convalescent_3_Day1,0.0257294725724779,0.0153838103682935,0,0.012115797123345,0.0532362795524264,0.0153243719866714,0.0164999517235006,0,0,0,0.0361581700857662,0,0.097700729057861,0,0,0.026324606343616,0.000428040757885861,0.00896658569888985,0.019298717079291,0,0,0.672833467649975,0,0.851832413586757,0.526345738312986
BNT_Convalescent_3_Day7,0.0161491505485453,0.00778176822851759,0,0,0.0493247434990193,0.0293228589288518,0.0343720986013592,0,0,0,0.0322545808211931,0,0.113760639579345,0,0,0.0194326811299154,0,0.00450795987434008,0.0377223737291656,0,0.00319869334311311,0.652172451716635,0,0.767536380618534,0.646525323844386
BNT_Convalescent_4_Day0,0.0396457833957473,0.0220220625571018,0,0.0126818272624908,0.0352405421918867,0.00600449047007992,0.033071384675394,0,0,0,0.0464925006076207,0,0.277832498825943,0,0,0.00711593184778823,0,0.000302186314893266,0.0161193764060356,0,0,0.503471415445019,0,0.753920977577935,0.657092879868099
BNT_Convalescent_4_Day1,0.0257545243803535,0,0,0,0.0396208360599557,0.00845226505027519,0.0305516685284099,0,0,0.00331489037503245,0.0249801061970524,0,0.146337247510497,0,0.00127748512395161,0.012239982686905,0,0.00635323654487193,0.0394612458173649,0,0,0.661656511725331,0,0.793384380632897,0.614385915403974
BNT_Convalescent_5_Day0,0.00248339841877846,0.00799726543371004,0,0.0109194916016567,0.059869337133659,0,0.0437706872524721,0,0,0,0.121745326038424,0,0.0371339153118739,0,0,0.0076456375642813,0,0,0.0204501688053859,0,0,0.687984772439758,0,0.811740550700043,0.58857830504799
BNT_Convalescent_5_Day1,0,0.038609885042662,0,0.0236215119525204,0.0298678259171995,0.0317176522683176,0.0282619907661717,0,0,0.0180785961206532,0.0393900036544014,0,0,0,0.000489653402759505,0.0399803426351254,0.00398519419259023,0,0.0449982396855229,0,0.00572010431167876,0.695279000050398,0,0.821398193432706,0.573721612023899
BNT_Convalescent_5_Day7,0,0.0266052484371727,0,0.0437561236693159,0.0304413395029945,0.056116487464766,0.020833299406964,0,0,0,0.105048277915338,0,0.0626525886682622,0,0,0.0175188244258654,0,0.00101245666895532,0.0320514416709819,0,0.0801032602676408,0.523860651901743,0,0.705678540811819,0.709212490307327
BNT_Convalescent_6_Day0,0.0214403039731972,0.0239536113210067,0,0.0239589015168397,0.055776145180342,0.00127916820575085,0.0196102447872924,0,0,0,0.0504322708329838,0,0.107505125955784,0,0,0,0.00175689669073222,0.00617373182372506,0.033020534320706,0,0,0.65509306539164,0,0.810454650316924,0.588572406047414
BNT_Convalescent_6_Day1,0.0206514982407625,0.0167411343576872,0.000125317659064962,0,0.026274710477759,0.0204524578875638,0.0204179181471532,0.00111531359708499,0,0.00347575277883803,0.0289494485297997,0.010328883088794,0.0425770482803243,0,0,0.0355872766733837,0,0.0121582921614566,0.0568210996792605,0,0,0.704323848441068,0,0.815988861107099,0.58341097192761
BNT_Convalescent_6_Day7,0.0325503334637781,0.0245166516996981,0,0,0.0505898165068417,0.0477051578920315,0.0522301558586613,0,0,0,0.0705111856015038,0,0.0763934272969923,0,0,0.0133914860658797,0,0.00276791132015846,0.0176032716331955,0,0.0330186513556112,0.578721951305648,0,0.634787268186937,0.782446913417729
BNT_Convalescent_7_Day0,0.0363194409156162,0.0129653737509961,0,0.00290246233360836,0.0500828877142914,0.0297011947263211,0.0336394692011102,0,0,0,0.0523449668789663,0,0.0237000433773017,0,0.000415948101270608,0.0186846510699166,0,0,0.0374756616601017,0,0,0.7017679002705,0,0.768543518905766,0.648797650185365
BNT_Convalescent_7_Day1,0.024971641139703,0.00853170725717255,0,0,0.0438327903099816,0.00538132390997821,0.0237852555459674,1.34232001431157e-05,0,0.00117247872189925,0.0717702675403687,0,0.0640010168993734,0,0,0.00537100587324389,0,0,0.0174868894567041,0,0,0.733682200145465,0,0.764984314815393,0.663396326296735
BNT_Convalescent_7_Day7,0.0264309833536175,0.026384862487418,0,0,0.0426394080187816,0.102203938738452,0.0196248084687517,0,0,0,0.0578071661858062,0,0.0635694656679898,0,0,0.0164222497704134,0,0,0.0221884699823648,0,0.0355435462718108,0.587185101054594,0,0.65624009234322,0.762515260875621
BNT_Convalescent_8_Day0,0.0536615342333951,0,0,0,0.110329490123241,0.0829194465361378,0.0229450324637634,0,0,0.00067546646609719,0.0850447198440877,0,0.0566146464982714,0,0,0.0127410231590673,0,0,0.00987964653423889,0,0,0.5651889941417,0,0.79483487827435,0.610847065075667
BNT_Convalescent_8_Day1,0.0459704892515868,0.00225778836017604,0,0,0.107247700824256,0.127973910376501,0.0198546418821708,0,0,0,0.0448266786194106,0,0.032646012880561,0,0,0.00462754781942261,0,0,0.0133837677707112,0,0,0.601211462215204,0,0.819698881879545,0.576783734975984
BNT_Convalescent_8_Day7,0.0816986313444235,0.00131549187470381,0,0.0357059919924675,0.0655754297653357,0.115154682294474,0.000944769727965375,0.00737360083693652,0,0,0.0626055667444702,0,0,0,0.00254010465702609,0.0454873003800668,0.00355246446544489,0,0.0345702935975309,0,0.0340128868182708,0.509462785500884,0,0.56896922237082,0.8288075440855
BNT_Naive_10_Day0,0.0276500920394609,0.0248382530068179,0,0.0258719397443679,0.0760463028652924,0.043936884473412,0.0383366013801697,0,0,0,0.052990376733825,0,0,0,0.00119563279553487,0.0375183060361839,0.0035563960772249,0,0.0390467153667043,0,0,0.629012499481006,0,0.738583064131531,0.676655070875314
BNT_Naive_10_Day10,0.00968562839853854,0.0390381342535909,0,0.0390518755406152,0.0182038914640423,0.0855231512780864,0.0341058866290829,0,0,0,0.04352043738708,0,0,0,0.00136536203989999,0.0400643802275156,0.00462090950256903,0,0.0230356008878057,0,0,0.661784742391173,0,0.800888146720896,0.60108814552207
BNT_Naive_10_Day34,0.0331555995061857,0.0284302169050123,0,0.118224115632512,0.00392245703853118,0.00878593412774089,0.0243151252414153,0.0154392173219873,0,0,0.0669409187956358,0.00641780217485827,0,0,0.00181881621371375,0.039624076695525,0.00214891064252895,0,0.0267700585950669,0,0,0.624006751109286,0,0.794223846183654,0.610417856646639
BNT_Naive_10_Day35,0.00852631629232879,0.052741346420818,0,0.0456148228653619,0.053233297552442,0,0.0270450257569899,0.0030302548179533,0,0,0.071939879481658,0.014717483859949,0.0327637510223932,0,0,0.0436087455996576,0.00467527914316422,0,0.0325192763351902,0,0,0.609584520852094,0,0.793215911939443,0.611115110387779
BNT_Naive_10_Day41,0.0291848505475218,0.0351545204921821,0,0.0412683341000427,0.0536901638947207,0.0395932824087455,0.00129597729034833,0,0.0340413330742322,0,0.0187483435414808,0.0116996847875916,0,0,0,0.0253162581277352,0,0,0.0317992754026579,0,0,0.678207976332741,0,0.738869469357151,0.682332533888999
BNT_Naive_11_Day0,0.0170944445019494,0.0369322910642064,0,0.038814900413066,0.101864586547787,0.0778358551299601,0.0353164065631299,0,0,0,0.0277225810223501,0,0,0,0.00156996702642933,0.0388158552555644,0.00501235241527396,0,0.0363975729603718,0,0,0.582623187099912,0,0.775626104471189,0.633519675331134
BNT_Naive_11_Day11,0.00424148564783955,0.0217095583208409,0,0.0246252830793518,0.0721100092111261,0.137777377351731,0.0509973620744763,0,0,0,0.0917699223751738,0,0.0521356145480352,0,0,0,0,0,0.0174570352912698,0,0,0.527176352100156,0,0.740803004267027,0.673530689934626
BNT_Naive_11_Day34,0.0165732681408023,0.0319164425806025,0.00379193083173334,0.0426346744174561,0.0454277777733077,0,0.0358524595994517,0.0308478124709423,0,0.0010010186599635,0.0333364825584222,0.0116433105630951,0,0,0,0.041848242823261,0.00890284237140949,0,0.0468890629369614,0,0,0.649334674272591,0,0.806257922970166,0.593664752820166
BNT_Naive_11_Day35,0.0189771578220913,0.00859652462362603,0.00253032487689116,0.0185782947933824,0.0381855673725493,0,0.0217501277261336,0.029705094090657,0,0.00314530949368434,0.0511581617989603,0,0,0,0,0.0365858577685534,0.0053184229940471,0,0.044848386971961,0,0,0.720620769667463,0,0.818392440655731,0.580539967671023
BNT_Naive_11_Day41,0.0251432229144805,0.0342684518255253,0.00118959964139727,0.0708211535673938,0.0156040095805507,0.155681289359589,0.0319948167778411,0.00214988824653916,0,0,0.0309795268308488,0.00543678771606933,0,0,0.00283510627797936,0.0412873867285747,0.007637032192017,0,0.0440863659238819,0,0,0.530885362417312,0,0.483033693668873,0.898137520716772
BNT_Naive_12_Day0,0.0130289236103539,0.0204823357639902,0,0.0378922853628834,0.0467833345238339,0.18005603001291,0.0449635197447268,0,0,0,0.119504455003599,0,0.0338097047500178,0,0,0.00193111410522939,0,0,0.00418324829685429,0,0,0.497365048825602,0,0.764550821958903,0.651366933834029
BNT_Naive_12_Day10,0.0266794746207755,0.0324044388860961,0,0.108120710876965,0.0683091994881429,0.0868728240950705,0.0359810961306798,0,0,0,0.0438975681609264,0,0,0,0,0.0407164424245532,0.0057220246616864,0.000122915573154012,0.0216200936625102,0,0,0.52955321141944,0,0.770252895227949,0.644072566789318
BNT_Naive_12_Day34,0.00800351091885992,0.0229298099316604,0,0.0642458148601985,0.0305327851585021,0.0678225999849831,0.00467462109685173,0.00193969896332402,0.00607957614980762,0,0.13232560394512,0.00842337560572257,0.0875397769347316,0,0,0.00708775230628176,0,0,0.0306687629698869,0,0,0.52772631117407,0,0.800851763197094,0.606325699222711
BNT_Naive_12_Day35,0.0160726985079027,0.0233791403334286,0,0.0309990654191824,0.0156475696495499,0.0561207434489331,0.00697185915964664,0.00549777875905011,0.0037218215774815,0,0.0847991484395567,0.00615219078341439,0.0817257125602421,0,0,0.00996768343136811,0,0.000507273950716577,0.0348406056248941,0,0,0.623596708354633,0,0.817420991995334,0.578458706125305
BNT_Naive_12_Day41,0.0252640953427117,0.00684298090061629,0.0011598640943223,0.0462091399424848,0.0666954043180448,0.0601906530037006,0.0151177980398813,0.00202243232371192,0.000504539197723504,0,0.120292584774855,0,0.131804355251133,0,0,0.0117258551233449,0,0,0.0231158212807891,0,0,0.489054476406681,0,0.783807529046676,0.629009335181769
BNT_Naive_13_Day0,0.0231246149365795,0.0277424987347694,0,0.0300938431647323,0.0417807454344397,0.139184421873786,0.0172303297955327,0,0,0,0.0449489695468302,0,0,0,0,0.0393553613801781,0.00156568268489105,0,0.0330335074697444,0,0,0.601940024978517,0,0.759840997771254,0.651425490784301
BNT_Naive_13_Day10,0.0051114649575309,0.0253446458191555,0,0.0186979346638038,0.0589248472685875,0.0864395913083228,0.0274525758246695,0,0,0,0.104559102005234,0,0,0,0,0.00921770888912671,0,0,0.0283713515205027,0,0,0.635880777743067,0,0.781720398147411,0.625692263831084
BNT_Naive_13_Day35,0.0100238617372781,0.0200639322690568,0,0.0314515234712185,0,0.0185451536517146,0.0238891528895144,0,0,0,0.105459223920642,0,0.130344745250185,0,0,0.0133214130791743,0,0,0.0477003534079523,0,0,0.599200640323264,0,0.781801221012856,0.625154237708346
BNT_Naive_14_Day0,0,0.0574706222694483,0,0.0537755586968778,0.0879884288263538,0.0463121225887169,0.0353581437968645,0,0,0,0.0528818881826307,0,0,0,0.00141696644544251,0.0280602867128189,0.00382762260592688,0,0.0276892617402137,0,0,0.605219098134706,0,0.761169004107032,0.64985766792243
BNT_Naive_14_Day11,0.0225540288998926,0.019060634932532,0,0.0570696633781051,0.06535079946979,0.0723179372190851,0.0456557802113654,0,0,0,0.0687649486594484,0,0,0,0.00125934452626201,0.0420316451231297,0.00372374989920983,0,0.0272213756991076,0,0,0.574990091982072,0,0.760677051741811,0.651153073963421
BNT_Naive_14_Day40,0.0175015242063804,0.00919063103309784,0.00110245118551455,0.0596427395228137,0.0278786558413944,0,0.0266141999043682,0,0,0,0.172695544573167,0,0.140671428378053,0,0,0.00754146063640787,0,0,0.0288158924653363,0,0,0.508345472253466,0,0.783099108437646,0.626422985965741
BNT_Naive_14_Day41,0.0236725151705285,0.0248548793603415,4.57279744079251e-05,0.0574720179544605,0.0588340384865714,0,0.0380418814672101,0.00204985554820044,0,0,0.0637613962034502,0,0.10799494704108,0,0.00149505992062612,0.0418048492106782,0.00535729625506832,0,0.0391724318245382,0,0,0.535443103582838,0,0.78236041997559,0.626916764187462
BNT_Naive_14_Day48,0.0280659527219175,0.0255221987966262,0,0.0744810914515291,0.0354691337970892,0.0236393459178242,0.0123856778404648,0.00178602874501034,0.00323297145778135,0.0100181720143333,0.13205606497145,0,0.127652401868973,0,0,0.00687606161257654,0,0,0.00993049403701387,0,0,0.508884404767411,0,0.758734960126592,0.654299710390436
BNT_Naive_1_Day0,0.0192090943381449,0.0421256494560074,0,0.0332956247640657,0.12858598831549,0.0300552841301634,0.0500738101332427,0,0,0,0.0205485301399138,0.00571874922233426,0,0,0.000750709818312784,0.0443176433363525,0.00516023019808685,0.00133639727115504,0.0528031674660786,0,0,0.566019121410652,0,0.700326429818864,0.714353618430364
BNT_Naive_1_Day10,0.0218490766213143,0.00849312327972921,0,0.00178472237164912,0.136496013356389,0.0999611644158293,0.0433092502679506,0,0,0,0.0644298389547647,0,0.0167457432137976,0,0,0.00757292146417294,0,0,0.0133137850772546,0,0,0.586044360977149,0,0.750846925685155,0.661363284283692
BNT_Naive_1_Day34,0.0121964575897241,0.0272617529405613,0,0.0249436999393552,0.107296977335791,0.0404908668277215,0.0284778071181615,0.0125722871570004,0.00220662873045036,0.00710848320926531,0.064540910698255,0.00504581697772346,0.0952855542611225,0,0,0.00665599083016582,0,0,0.0259430503716858,0,0,0.539973716013017,0,0.782429143436271,0.626546281601248
BNT_Naive_1_Day35,0.000463640395302927,0.0439759224016704,0,0.0596219354318943,0.0568657496331401,0.00748713659464117,0.0118992732024126,0,0.0235679696582729,0,0.0426193069288084,0.0235954229928026,0.0364898384091882,0,0,0.0336969847107823,0.00748113962095651,0,0.0281847977149552,0,0,0.624050882305172,0,0.797478500884774,0.605414249694795
BNT_Naive_1_Day41,0.0268163431315559,0.0145426971698859,0,0.033934803114299,0.109365943111555,0.00154623387426535,0.0283262792006722,0,0.00984708230440531,0.00745248037198413,0.0331214591141336,0.000903818827141372,0.0103784099931196,0,0.00133019318620137,0.0425250655788304,0.00486567805028912,0,0.0426230900539202,0,0,0.632420422917741,0,0.770500708945971,0.639084967936745
BNT_Naive_2_Day0,0.0596644046185105,0.010703868012808,0,0.0718034892860191,0.0283871786900952,0.0577105432129975,0.0591008569190981,0.00801106944452535,0,0.0481522064650584,0.0574117263672467,0,0.0628194879677669,0,0,0.0125351624637737,0,0.00238698156432833,0.0377543514962758,0,0.0279919592561742,0.455566714235322,0,0.759251736287608,0.663112850020386
BNT_Naive_2_Day10,0.0643989366446786,0.0133331353525728,0,0.0742253281169704,0.0783927907444225,0.150334489609203,0.0223671179381118,0,0,0.0246871909520088,0.0481909694958467,0,0.0680207702863382,0,0,0.00658347636569112,0,0.00341579058152866,0.0219547338869991,0,0.0115397690599853,0.412555500965643,0,0.720906116793903,0.702359964047478
BNT_Naive_2_Day34,0.0596266105968555,0,0,0.069915539698501,0.0577139476967785,0.00589465230684716,0.0264453550351541,0.00731629231537256,0,0.0123078370290582,0.0814433400704528,0,0.106989217739311,0,0,0.0131771714764258,0,0,0.0363821460745448,0,0,0.522787889960699,0,0.732097724045722,0.682446586063899
BNT_Naive_2_Day35,0.0446896891458395,0.00558217481486116,0,0.0465062248510305,0.0104136454081964,0.0216603569965311,0.034419632816897,0.00524433492682872,0.0019980909599584,0.0120052224823488,0.0832241058553689,0,0.0982821680946463,0,0,0,0,0.00207519251523814,0.0378077104524553,0,0,0.5960914506798,0,0.778185297219082,0.629685199168854
BNT_Naive_2_Day41,0.0504964233974382,0.002707444992115,0,0.0578442337710391,0.0850898729173196,0.0572256052203724,0.0248456517166017,0,0,0.0137898144329909,0.0825298219832123,0,0.101492163603511,0,0,0.01415990383211,0,0,0.0140141631849786,0,0,0.495804900948311,0,0.719403207845901,0.696011119050684
BNT_Naive_3_Day0,0.00497423203718743,0.0326252076339119,0,0.00572843498831412,0.0934698392528734,0.0241878840154314,0.0110460944995381,0.00298740667865474,0,0.0311285970505032,0.0360410203232881,0,0.0986392694074836,0,0,0.0143060724085461,0,0,0.0398086604887192,0,0,0.605057281215549,0,0.752535754878376,0.660554017710823
BNT_Naive_3_Day10,0.00559875030992246,0.013652890804539,0,0.0129474302836671,0.083591623452201,0.148060917265349,0.0142404564228046,0,0,0,0.0621870040080563,0,0,0,0,0.00589119068049109,0,0,0,0,0,0.653829736772969,0,0.776204456824929,0.633495024719815
BNT_Naive_3_Day34,0,0.0220486529105385,0.00376058054791258,0.001816741700454,0.104214713567823,0.0158610271406227,0.0266122363453637,0.00216116509315639,0.00384532919317075,0,0.0837923619225316,0,0.0795482189943408,0,0,0.0049543238230347,0,0,0.0232922404266197,0,0,0.628092408334432,0,0.801417539168793,0.599700133157768
BNT_Naive_3_Day35,0.0211183094474699,0.00556802024834181,0,0,0.091685022647779,0,0.0293277904745048,0.00833303094527407,0.00394612816940021,0.0118133699664821,0.0458034868190956,0,0.0681264510337501,0,0,0.0130942738409598,0,0.000169995350538355,0.0137216516895669,0,0,0.687292469366837,0,0.78912795151253,0.620852071160566
BNT_Naive_3_Day41,0,0.0174476420309588,0.00466546843737446,0,0.117705672559136,0.00883867260644802,0.0271630776634207,0.00163602225186095,0.00366260416105794,0.00933334351721944,0.0738677098221115,0,0.0675915887185502,0,0,0.00818926787398756,0,0,0.0130948275832147,0,0,0.646804102774659,0,0.789284012247268,0.616588270957799
BNT_Naive_4_Day0,0.0522572194992848,0,0,0.000172345827827557,0.0971775849151954,0.123742300590825,0.0173272651840636,0,0,0,0.0415638915774431,0,0.117855954154939,0,0,0,0,0,0.018406106340542,0,0,0.53149733190988,0,0.747362241022511,0.66536575671249
BNT_Naive_4_Day34,0.0549409445407705,0,0,0.010096745949766,0.0955889615670076,0.06595112141699,0.00157444244370018,0.00969618546275525,0.0112756278250051,0,0.0513782349717555,0,0.0981076474608688,0,0,0.0140221114162891,0,0,0.0298575993651302,0,0,0.557510377579962,0,0.796267994585149,0.60864655733317
BNT_Naive_4_Day35,0.0604378131749511,0.00127561813661849,0,0.0254789494306147,0.0494449986922289,0.0359442416936747,0,0.0343460509007897,0.0222382340729924,0.00245521587869751,0.0604045650753288,0,0.0679213708372939,0,0,0.00590874983144232,0.00304203469188929,0,0.0262435620726834,0,0,0.604858595510795,0,0.80408665165864,0.597143086588507
BNT_Naive_4_Day41,0.0745717504902479,0,0.000607145678852104,0.042638558862555,0.105975986777366,0.0821445144587773,0.00180571488786984,0.00251442975265142,0.0216421729659644,0,0.049799234194446,0.0153096108437083,0.169605468247917,0,0,0.00550563337592457,0,0,0.0369331376285214,0,0,0.390946641835199,0,0.692128770492243,0.726476403822055
BNT_Naive_4_Day7,0.0239476990971801,0.00606673333906876,0,0,0.0871292730854306,0.124121745943184,0.0239910801561093,0,0,0,0.0814580769424753,0,0.0659815788330139,0,0,0.00413250522361899,0,0,0,0,0,0.58317130737992,0,0.796566305713088,0.60701225591829
BNT_Naive_5_Day0,0.0209956651539502,0.0146598032092164,0,0.0762235360294271,0.0436356358396191,0.0834590112331903,0.0558802117697188,0,0,0,0.0620292849623784,0,0,0,0,0.0133258919936874,0,0,0.0158130730987803,0,0,0.613977886710032,0,0.766803017833398,0.643489407868592
BNT_Naive_5_Day11,0.0059613668551152,0.0134827396593745,0,0.0541717989057622,0.064640091077913,0.0294246608842766,0.0564963167847194,0,0,0,0.0601514671780468,0,0,0,0,0.00717727354190248,0,0.00020438754541411,0.0196429659374484,0,0,0.688646931630027,0,0.804982746933727,0.596906842917432
BNT_Naive_5_Day35,0,0.0255100873436383,0.000468123699689962,0.0592192910224929,0,0,0.035998685561535,0.0103940481851473,0,0,0.0990845373898649,0,0.0504223348871451,0,0,0.00824048028859181,0,0.000836034407327168,0.0242499326836597,0,0,0.685576444530908,0,0.812584489292847,0.587562947243755
BNT_Naive_5_Day41,0,0.0411321100779431,0,0.131894420187061,0.000653543618549211,0,0.0401246985241614,0,0.0334851819621018,0,0.0647696901936884,0.000801029764084542,0.00349895586300807,0,0,0.024452420159716,0.00789045777246896,0,0.0252429393867278,0,0,0.62605455249049,0,0.81370233776543,0.584795070609398
BNT_Naive_6_Day0,0.0233472381405347,0.041936036383536,0,0.0199107502841529,0.0545197500032128,0.0371343054091411,0.0370531459440748,0,0,0.00567408167807103,0.0316489782054986,0,0,0,0.0022152917060138,0.0448951143438521,0.00663626744774331,0,0.0600237280107555,0,0,0.635005312443413,0,0.744786080995301,0.669693660648164
BNT_Naive_6_Day10,0.0221938421738202,0.0300719642017197,0.00173497233725024,0.0264556315316382,0.035332722332128,0.0438821055248216,0.0261176445376719,0,0,0,0.0209376450901815,0.0144865914578463,0.0618851711215281,0,0,0.0447566930774966,0.00588333808728751,0,0.0435042914845665,0,0,0.622757387042044,0,0.763970698188264,0.647115489219575
BNT_Naive_6_Day34,0.0122456058287764,0.0358214500578611,0,0.019358725245669,0.0650403556416754,0.00723920978658774,0.0397082985033359,0,0,0.00859316104772893,0.0364882269255792,0.0100064897401001,0,0,0,0.0362615320644467,0.0039994304059354,0,0.062669558223789,0,0.00186477454326992,0.660703181985245,0,0.701458988760363,0.722448523330151
BNT_Naive_6_Day35,0.0234544138923066,0.0284085149830287,0.00634346589845061,0.0719887160352123,0.0351081328641703,0,0.0121363047076603,0.0175305530906223,0,0.0096684426829273,0.0328074168849004,0.0397196130864649,0.0909798630670585,0,0,0.0413225953271248,0.00338108362150852,0.00204690377918269,0.0628494518014514,0,0.00975989646115538,0.512494631816775,0,0.611690909614595,0.795526716963903
BNT_Naive_6_Day41,0.01015085448456,0.0293684082086675,0,0,0.0800326894885364,0.0338565044133376,0.0417342272663008,0,0,0.00499367916321856,0.0835374339336142,0,0.103482372529792,0,0,0.00766736007055236,0,0,0.0298811083148923,0,0.0206174841712063,0.554677877955322,0,0.696189627401417,0.71958959482918
BNT_Naive_7_Day0,0.0778048276728047,0.0064672946448317,0,0.00779702901375501,0.0660423106030782,0.0731503774079942,0.0170320428879101,0,0,0,0.0725997405607599,0,0.0318726202851414,0,0,0.00284340750325474,0,0,0.0197215643907189,0,0,0.624668785029751,0,0.783129595783245,0.6238349877805
BNT_Naive_7_Day34,0.0760138976677481,0,0,0.0353479718042872,0.0819805250110925,0,0.0181770598625458,0.00750749780272531,0.00495724847361258,0,0.0702741962468021,0,0.0926597825393755,0,0,0.00741247522011498,0,0,0.0114493797994894,0,0,0.594219965572207,0,0.799271752571517,0.603184068369943
BNT_Naive_7_Day35,0.0298389164344849,0.00697026359290814,0,0,0.0506769525145261,0.00581908171503912,0.0230685873352014,0.00496154943918188,0,0.0145272053931853,0.0517486312057709,0,0.0470677701741781,0,0,0.00909280630243797,0,0.0012900383491518,0.0191782708792581,0,0,0.735759926664676,0,0.81956131140247,0.583154702722536
BNT_Naive_7_Day41,0.028644123594306,0.0260928192920422,0,0.045125239374846,0.0215402463586887,0.0191910900348749,0.0332635524130214,0,0.0193881677164879,0,0.102794087947151,0,0.07535003110824,0,0,0.0253706181608483,0,0.0119899646972607,0.00322356021526834,0,0,0.588026499086965,0,0.777417361638556,0.630893618473313
BNT_Naive_7_Day7,0.0593451326130167,0.00730324619005055,0,0.026199316155501,0.0778641695396646,0.123752971836839,0.0158468295515536,0,0,0,0.0662997503411349,0,0,0,0,0.0126119537250193,0,0.00182677799659954,0.000962523002284548,0,0,0.607987329048337,0,0.788486673083585,0.617379963133969
BNT_Naive_8_Day0,0.0250539761711389,0.0394587388484887,0,0.0507250226091252,0.0544968465352639,0.0527554958274103,0.0436802172028742,0,0,0.0275598841826562,0.0347954863310465,0,0,0,0.00114050124954566,0.0438710819796004,0.00596291048354083,0.000934610433634073,0.0493394538811624,0,0,0.570225774264513,0,0.758541513684395,0.653842955206447
BNT_Naive_8_Day10,0.030451397613897,0.0216203330053278,0,0.0243380648700495,0.0468966074684852,0.137436696511684,0.0328605638559027,0,0,0,0.0917392583924504,0,0.0622227786316276,0,0,0.00609706950518463,0,0,0.0226859350946914,0,0,0.523651295050699,0,0.732732546420815,0.682163452067403
BNT_Naive_8_Day34,0.0218923559899615,0.0619485300556815,0,0.0714454921353743,0.0570480548651594,0.0080204130881767,0.00289947676268996,0.032660144095238,0.00411107491510601,0.0293220798911321,0.0669994292486819,0.0248267308169262,0.191716649700662,0,0,0.0190722325514488,0,0,0.0382858263333981,0,0.0093651341741437,0.360386375376219,0,0.654400921348705,0.758595015508796
BNT_Naive_8_Day41,0.00652263098189947,0.039255336899672,0,0.0469215618069022,0.0537209909959223,0.104824249492834,0.0297599844699875,0,0,0,0.0912086624973443,0,0.0885826925565541,0,0,0.0132275193414019,0,0,0.0117128191001066,0,0,0.514263551857376,0,0.712985277520771,0.701894963910842
BNT_Naive_9_Day0,0.0161013379073502,0.0125415947276832,0.000934124639389435,0.0506464079486077,0.0609980803932324,0.0533059806792522,0.0258418325665011,0,0,0,0.0306866392131701,0.00659336433163564,0.0122698772844495,0,0.00124712288357471,0.0395273894266454,0.00446271480623219,0,0.0562164710876389,0,0,0.628627062104637,0,0.769079249677483,0.640718000300951
BNT_Naive_9_Day10,0.00280964687465002,0.0165942751467313,0.0028527804636005,0.0202652788207162,0.0643853168678333,0.144218157254784,0.028124705364576,0,0,0,0.0905139485655763,0,0.135763482355137,0,0,0,0,0.000762444024327344,0.0151608981276736,0,0,0.478549066134394,0,0.756464860241666,0.658919116418329
BNT_Naive_9_Day34,0.0154702576261111,0.0151672539671033,0.00363110466926647,0.0376590846519352,0.0462625007635572,0.0442447805543799,0.016999792696934,0.00625425664822485,0,0.00417666644835955,0.117130307145632,0,0.135593665420712,0,0,0.00348221955262025,0,0,0.00414830907716322,0,0,0.549779800778001,0,0.768049065555421,0.641862809658922
BNT_Naive_9_Day35,0.0199856210159114,0.0148924015267619,0,0.0531048122549485,0.0258278817008923,0.0171086408849426,0,0.0304615421736424,0,0.00308522300248117,0.0494235562676468,0.00873197849078274,0.123068114589607,0,0,0.0385104094215617,0.00475024299867989,0,0.0342843088973212,0,0,0.576765266774821,0,0.785663249070298,0.620226501897201
BNT_Naive_9_Day41,0.0191578137793656,0.0238805041095082,0,0.0601930265171176,0.0888873736548961,0.0608023167979049,0.0329297424353192,0,0,0.00621278241530233,0.0274941782324444,0,0.0559591911836709,0,0,0.042364695072094,0.00674408177404695,0,0.0122505856607243,0,0,0.563123708367606,0,0.801825768789904,0.602496612632811
