Mixture,B cells naive,B cells memory,Plasma cells,T cells CD8,T cells CD4 naive,T cells CD4 memory resting,T cells CD4 memory activated,T cells follicular helper,T cells regulatory (Tregs),T cells gamma delta,NK cells resting,NK cells activated,Monocytes,Macrophages M0,Macrophages M1,Macrophages M2,Dendritic cells resting,Dendritic cells activated,Mast cells resting,Mast cells activated,Eosinophils,Neutrophils,P-value,Correlation,RMSE,Absolute score (sig.score)
BNT_Convalescent_10_Day0,2.85042540856084,0,0.00366044505963308,5.03232433339,0,4.76373878302626,1.66214474562594,0,0,0.0287823900234046,6.77467494853369,0,2.71728804946694,0,0,0.735504240668434,0,0,1.41491703666631,0,0,20.7822115201192,0,0.729888797704379,0.69084644139771,46.7656719011407
BNT_Convalescent_10_Day1,1.81053027783268,0.641963723340343,0,2.56935384345538,1.48659647327017,1.26070636432827,2.43503257404757,0,0,1.49203493624344,4.11802654869568,0,2.8669211172462,0,0,0.759034720827386,0,0,1.89225473428992,0,0,38.3969893195028,0,0.780342352804284,0.628168279172712,59.7294446330799
BNT_Convalescent_11_Day0,2.23732199096906,0.886366958567589,0,3.02488763551385,1.93930982601273,0.0113961694362652,1.82532530697759,0.0714703412980571,0,0,10.6908816364286,0,5.51946219244398,0,0,0.378106027717926,0,0,1.26405548842316,0,0,30.718990760812,0,0.757844656443837,0.65494632435413,58.5675743346008
BNT_Convalescent_11_Day1,1.68798030219388,1.34211442681718,0,3.38277364551342,1.54118368705672,0.724889288252146,2.19441940572169,0.284430739080987,0,1.75359263862783,2.06534260103528,0.674256719409857,0,0,0,3.27486975393985,0.361264491251936,0.220007373415519,4.11982508212453,0,0,50.0772193246466,0,0.796069445720418,0.608779081459213,73.7041694790875
BNT_Convalescent_11_Day7,2.48934418772261,0.853003475641452,0,3.52720729415445,1.66518940762865,3.4830417466296,1.8420679804358,0,0,0,3.26327488823202,0,0,0,0,2.75763873943458,0,0.932656608543394,0.356583744292016,0,0,37.1588115451562,0,0.712582317774092,0.707484725325413,58.3288196178707
BNT_Convalescent_12_Day0,0,1.29111634598409,0.0346324427844768,6.53496830988809,1.1564722316674,2.19439736240303,1.94252345554737,0,0,0,5.90882921126519,0,8.73472091933569,0,0,1.15327090195462,0,0,0.595672848356375,0,0.253031873765849,14.2083340837398,0,0.702700208615759,0.722419656267348,44.007969986692
BNT_Convalescent_12_Day1,0,1.45764720978959,0.0951198552382484,4.03914472383648,2.14105825927088,1.06016994421402,2.89148269873071,0,0,0.422151998184893,4.81266320126977,0,3.57400211344177,0,0,0.507753953798214,0,0,1.08823363524019,0,0,44.704779958316,0,0.798560345788919,0.605689075567321,66.7942075513308
BNT_Convalescent_12_Day7,0,1.59816755778209,0.32814299198394,5.41141833157265,1.92155791941962,0.794185331798427,2.17207242293663,0.0828557921537081,0,0.143734077313845,5.75992344442429,0,3.7439447318665,0,0,0.57605041962459,0,0,0.923731616931355,0,0.199220452740262,38.1943265254217,0,0.765727422961147,0.645515194132773,61.8493316159696
BNT_Convalescent_13_Day1,1.670054881367,1.24972439710363,0,2.14345722534574,3.48297228457125,0.00535650099128508,1.95737753381172,0,0,0.311429368478188,1.83062747376281,0.436616982664555,0,0,0,2.8984520483033,0.21674017027044,0,3.92903105267295,0,0,53.0896559817978,0,0.812077927084963,0.590417933607217,73.2214959011407
BNT_Convalescent_13_Day7,3.47700208424048,1.32715747824381,0,2.01075219156415,0,7.55405694582543,2.02847923984246,0,0,0,3.67049836728978,0,0,0,0,0.782705975986695,0,0,1.76431449072256,0,1.56672566400586,25.2622320546742,0,0.511786613271217,0.873378699230902,49.4439244923954
BNT_Convalescent_14_Day0,2.6423949778916,0.934238913947186,0,2.2877521689627,2.34398493860203,2.99258777261067,2.19990377319326,0,0,0,7.71944265050293,0,4.80291305455632,0,0,0.347356321342207,0,0,0.85934318873851,0,0,20.2014081160784,0,0.688991721256724,0.727629739287937,47.3313258764259
BNT_Convalescent_14_Day1,2.17112394570917,1.04682625102048,0,0.599273349858463,2.55884177323171,1.97223433917473,2.27991483598031,0.135758617370831,0,0.210026223578645,5.63730498879857,0,2.54555911524473,0,0,0.578775496226719,0,0,0.86105835939078,0,0,43.3064861854035,0,0.798465745516928,0.60633039046422,63.9031834809886
BNT_Convalescent_14_Day7,3.49306109827761,0.634460104831875,0,5.19271437561777,0.881499904715274,4.01637906289225,2.47583452599637,0,0,1.58228691421714,0.436015684527025,0.143566164925961,0,0,0,2.34269840967471,0.0811896120353522,0,3.03403139805642,0,0.837052347235066,32.5277387658185,0,0.676234032435365,0.738562692061188,57.6785283688213
BNT_Convalescent_15_Day0,4.37643407473576,0,0,1.91880142808054,2.00791971658103,0,1.60401898360175,0,0,0,6.1751646662909,0,6.04647081121563,0,0,0.353150129392212,0,0,1.36114306404802,0,0,25.5102657819477,0,0.742086873023469,0.672044704266855,49.3533686558935
BNT_Convalescent_15_Day1,1.63982123054842,0.757754739440182,0,0.460959658645068,1.72517462607549,0,3.00615102797216,0,0,0,6.24245062016296,0,4.41252897373233,0,0,0.907037944213496,0,0,2.08899879634549,0,0,40.6825513087199,0,0.811330214179541,0.587224392588677,61.9234289258555
BNT_Convalescent_15_Day7,2.76972247878275,0.533388953115953,0,0.424390951573826,3.3246818983585,0.243966327081711,2.5100718081946,0,0,0,3.22391750153963,0.357417510740248,0.225199953505554,0,0,2.98513912522086,0.0660993456001285,1.06389377537075,4.06383536781182,0,0,41.5374655449288,0,0.719805477911642,0.701099697697788,63.3291905418251
BNT_Convalescent_16_Day0,2.55895868122875,0.679641124280554,0,3.15707440725084,2.48077155885573,5.16768751923249,0.763108019471477,0,0,0,4.67193445394564,0.541084224415166,7.08167024656568,0,0,0.815937895892849,0,0.0204210302635152,0.424415836308351,0,0,12.7947818159772,0,0.706269711114693,0.723582722989025,41.1574868136882
BNT_Convalescent_16_Day1,1.96167647401219,0.228142506453546,0,0.741317239548054,4.65647659411339,1.06337251332923,3.09382879300288,0,0,0,3.04797066792591,0,4.85614815592672,0,0,0.832269477497295,0,0,1.27879069689964,0,0,41.4278876170326,0,0.813247948802934,0.583987117836218,63.1878807357414
BNT_Convalescent_16_Day7,2.3668676698599,1.18577865734457,0,0.263067416832973,0.29576333675569,4.56457591293986,2.69652743799644,0,0,0,3.19253022790647,0,4.94783129537496,0,0,1.11366179532004,0,0.438481514526168,1.81657316697292,0,0,36.3046648742537,0,0.550855776777391,0.867803550589763,59.1863233060837
BNT_Convalescent_1_Day0,1.66812552938279,1.03495855412737,0,0,2.34249735839842,0,2.18184985472198,0,0,0.0523927222836128,3.57890364323194,0,9.63550343043187,0,0,2.17526077140608,0,0.0522759228159542,2.31025405633766,0,0,33.0338561682692,0,0.777457842718741,0.629651839268595,58.0658780114068
BNT_Convalescent_1_Day1,2.16142193769212,0.812328112563749,0,0,2.06427713907633,0,2.49746589056931,0,0,0,4.16148944752283,0,8.36557352321545,0,0,1.12788558059471,0,0.171333615819316,2.45953495361778,0,0,43.1984447498987,0,0.808780753787353,0.590540669760066,67.0197549505703
BNT_Convalescent_1_Day7,1.7585257925666,0.594073042594232,0,0,1.5933473457193,3.76712710828548,1.7358674277862,0,0,0,2.87134503006992,0,4.48836917621208,0,0,1.17490058125283,0,0.178527411733617,2.02934442470456,0,1.05320105995743,39.5374267759238,0,0.720557053647489,0.702861849180545,60.7820551768061
BNT_Convalescent_2_Day1,1.15131159295,0,0,0.808638110682178,2.62073732240797,1.30689724089563,1.63714701855155,0,0,0,4.03831532366485,0,6.6102445629098,0,0,0.32597865967054,0,0,0.717560901952793,0,0,39.5112551921702,0,0.808971577263638,0.592644222831432,58.7280859258555
BNT_Convalescent_2_Day7,0.690149079140932,0.846885133644881,0,3.1244390404473,3.07728649648737,3.39575200584313,1.18231157434091,0,0,0,2.66086844073669,0.20677988472907,2.06028358689233,0,0,0.843563925543438,0,0,1.0805512300401,0,0.815561889405332,28.0778569694025,0,0.685057756894752,0.732462731837466,48.062289256654
BNT_Convalescent_3_Day1,1.81460907385042,1.08496595902087,0,0.854484495747877,3.75456728317097,1.08077397932432,1.16368347742911,0,0,0,2.55010837655656,0,6.89048829006454,0,0,1.85658176249453,0.0301882069696344,0.632381706419718,1.36107053990733,0,0,47.4525745581696,0,0.851832413586757,0.526345738312986,70.5264777091255
BNT_Convalescent_3_Day7,1.06754605756216,0.514416901882479,0,0,3.26063190161949,1.93839932025198,2.27218132877733,0,0,0,2.13220196879559,0,7.52019258992042,0,0,1.28460516023689,0,0.298000490925738,2.49365260639573,0,0.211450903100183,43.1121208256651,0,0.767536380618534,0.646525323844386,66.1054000551331
BNT_Convalescent_4_Day0,1.72697141565614,0.959281650970878,0,0.552420744521339,1.53507898759647,0.261555770102908,1.4405904264891,0,0,0,2.02521460580722,0,12.1023912940056,0,0,0.309970187099537,0,0.0131632441920448,0.702160479805569,0,0,21.9312287108635,0,0.753920977577935,0.657092879868099,43.5600275171103
BNT_Convalescent_4_Day1,1.73319254161393,0,0,0,2.66634850395482,0.568808902410022,2.0560241472638,0,0,0.223080930923997,1.68107681237097,0,9.84800271205874,0,0.0859704359574463,0.823709511739629,0,0.427551370472248,2.65560861941694,0,0,44.527249437673,0,0.793384380632897,0.614385915403974,67.2966239258555
BNT_Convalescent_5_Day0,0.185206750915369,0.596419622395417,0,0.814353245092772,4.46493213740384,0,3.26432791052135,0,0,0,9.07951624041049,0,2.76937109715224,0,0,0.570195938456605,0,0,1.52513156627496,0,0,51.3084905826317,0,0.811740550700043,0.58857830504799,74.5779450912547
BNT_Convalescent_5_Day1,0,2.93172422236768,0,1.79362768585381,2.2679225440366,2.40838348337259,2.14598833459268,0,0,1.37274322611314,2.99096015709861,0,0,0,0.0371803422840707,3.0357857525979,0.3026036035162,0,3.41680450755515,0,0.434338728190686,52.7938967831433,0,0.821398193432706,0.573721612023899,75.9319593707224
BNT_Convalescent_5_Day7,0,1.5429286927166,0,2.53756618175815,1.76539663874264,3.25438564681413,1.20819377029566,0,0,0,6.0921063187511,0,3.63343634837733,0,0,1.01597611212551,0,0.0587157999427215,1.85877193042839,0,4.64546004668779,30.3804579278086,0,0.705678540811819,0.709212490307327,57.9933954144487
BNT_Convalescent_6_Day0,1.65704811406544,1.85129308400434,0,1.85170194523313,4.31074840620104,0.0988625564992789,1.51560906887174,0,0,0,3.89773854775116,0,8.30870525157182,0,0,0,0.135784564977485,0.477146718070707,2.55204470001735,0,0,50.6299131720141,0,0.810454650316924,0.588572406047414,77.2865961292776
BNT_Convalescent_6_Day1,1.52029814995493,1.23242949714427,0.00922549071316724,0,1.934261294955,1.50564542707707,1.50310272035265,0.0821058684701647,0,0.255873954410633,2.1311670721884,0.760379787845086,3.13438797400922,0,0,2.61982303936131,0,0.895055112427108,4.18299010142881,0,0,51.8500997492059,0,0.815988861107099,0.58341097192761,73.6168452395437
BNT_Convalescent_6_Day7,1.7511725440914,1.31896920126298,0,0,2.72167711510505,2.56648561849708,2.80992558847617,0,0,0,3.79342510927242,0,4.10988331595445,0,0,0.720447388019756,0,0.148910619110403,0.947036871512802,0,1.77636753740837,31.1346116597302,0,0.634787268186937,0.782446913417729,53.7989125684411
BNT_Convalescent_7_Day0,2.1942043138911,0.783290664681296,0,0.175349488118678,3.02570979906168,1.79436929515597,2.03229638390017,0,0,0,3.16237115001762,0,1.43181547146344,0,0.0251291070334279,1.12881533822105,0,0,2.26405628521562,0,0,42.3966370435441,0,0.768543518905766,0.648797650185365,60.4140443403042
BNT_Convalescent_7_Day1,1.5691779736911,0.536118833000932,0,0,2.75438240903143,0.338153784190393,1.49462740124055,0.000843492419388291,0,0.0736766868758419,4.50992877721624,0,4.02172149801777,0,0,0.337505415271239,0,0,1.0988481538045,0,0,46.1034155391189,0,0.764984314815393,0.663396326296735,62.8383999638783
BNT_Convalescent_7_Day7,1.33788425164202,1.33554970435201,0,0,2.15832274283728,5.17336181800613,0.993369101730386,0,0,0,2.92608474824142,0,3.21776098394241,0,0,0.831261896328983,0,0,1.12313659163856,0,1.79914421527025,29.7221518015239,0,0.65624009234322,0.762515260875621,50.6180278555133
BNT_Convalescent_8_Day0,2.39032413242804,0,0,0,4.91456769784161,3.6936020733369,1.02207410952753,0,0,0.0300882898266669,3.78827122785459,0,2.52186892728615,0,0,0.567542012430758,0,0,0.440083532236275,0,0,25.1760392500832,0,0.79483487827435,0.610847065075667,44.5444612528517
BNT_Convalescent_8_Day1,2.24238366338477,0.110132126428572,0,0,5.2314103282159,6.2424092203419,0.968484898110979,0,0,0,2.18658999406877,0,1.59243217006858,0,0,0.225726064715461,0,0,0.65284365453088,0,0,29.3263522546589,0,0.819698881879545,0.576783734975984,48.7787643745247
BNT_Convalescent_8_Day7,3.94768688851445,0.0635647126550056,0,1.72531747607651,3.16861200773329,5.56428696496112,0.0456513775858847,0.35629320670499,0,0,3.02510789860411,0,0,0,0.122738137530389,2.19795137751184,0.171655475267732,0,1.67044040421839,0,1.6435064470903,24.6172980552038,0,0.56896922237082,0.8288075440855,48.3201104296578
BNT_Naive_10_Day0,1.9574400268261,1.7583807881215,0,1.83155883730816,5.38356533888652,3.11043508280371,2.71397281162482,0,0,0,3.7513612724092,0,0,0,0.084642737826184,2.65604302036781,0.251768855701179,0,2.76424409241724,0,0,44.5298425083311,0,0.738583064131531,0.676655070875314,70.7932553726236
BNT_Naive_10_Day10,0.743687192858355,2.9974472778515,0,2.99850236883299,1.39774110516511,6.56668516293661,2.61873675547527,0,0,0,3.34160991735435,0,0,0,0.104835971493785,3.07624505494209,0.354805189195219,0,1.7687320486756,0,0,50.813516386778,0,0.800888146720896,0.60108814552207,76.7825444315589
BNT_Naive_10_Day34,2.20367278970743,1.88960224915756,0,7.85771545641896,0.260704435249162,0.583953367088184,1.6160944356575,1.02616099885317,0,0,4.44919963641242,0.426556486177298,0,0,0.120886844434585,2.63359736912367,0.142826429954019,0,1.77926053467429,0,0,41.4743427503617,0,0.794223846183654,0.610417856646639,66.46457378327
BNT_Naive_10_Day35,0.548971127541076,3.39577789751017,0,2.93693312357107,3.42745241651267,0,1.74130747384426,0.195104467992266,0,0,4.63188502515993,0.947592539633201,2.10951045264656,0,0,2.80777083815609,0.301020179734749,0,2.09376982796321,0,0,39.2484034453241,0,0.793215911939443,0.611115110387779,64.3854988155894
BNT_Naive_10_Day41,1.91592730843678,2.30782424999231,0,2.70918393593345,3.52465232031406,2.59922012874609,0.0850783278005549,0,2.23474571323621,0,1.23079141078992,0.768061003024482,0,0,0,1.66196192149016,0,0,2.08755909279884,0,0,44.5230028003649,0,0.738869469357151,0.682332533888999,65.6480082129278
BNT_Naive_11_Day0,1.06652150655541,2.30420372547634,0,2.42165962518528,6.35532627557453,4.85617496770762,2.20338877519755,0,0,0,1.72961039325903,0,0,0,0.0979501614152356,2.42171919775927,0.312720407423302,0,2.27084269068992,0,0,36.3498304486615,0,0.775626104471189,0.633519675331134,62.3899481749049
BNT_Naive_11_Day11,0.275414544713355,1.4096777915323,0,1.59900603016109,4.68235590194066,8.94636851463947,3.31143764790957,0,0,0,5.95894304209479,0,3.3853483746696,0,0,0,0,0,1.13354655089756,0,0,34.2314101831906,0,0.740803004267027,0.673530689934626,64.9335085817491
BNT_Naive_11_Day34,1.12821002305818,2.1726825460059,0.258132212353008,2.90231634454614,3.09245429288183,0,2.44062329335076,2.09993653173656,0,0.0681434268633284,2.26935046463899,0.792607684088751,0,0,0,2.84878073530586,0.606052826262007,0,3.19192993969897,0,0,44.2028622001223,0,0.806257922970166,0.593664752820166,68.0740825209125
BNT_Naive_11_Day35,1.4911051621729,0.675460591264801,0.19881694199301,1.45976502543149,3.00038062409046,0,1.7089876173451,2.33403861403568,0,0.247138547649351,4.01968513203311,0,0,0,0,2.8746855505258,0.417888076570191,0,3.52390289188465,0,0,56.6218271299464,0,0.818392440655731,0.580539967671023,78.573681904943
BNT_Naive_11_Day41,1.45913600568752,1.98870017928349,0.069036005249591,4.10996217493641,0.905547084775743,9.03464824255316,1.85675437531265,0.124764409057641,0,0,1.79783408005425,0.315512961038403,0,0,0.164529649369968,2.39602984714074,0.443199691856088,0,2.55846293445553,0,0,30.8088565189246,0,0.483033693668873,0.898137520716772,58.0329741596958
BNT_Naive_12_Day0,0.746194799018574,1.17306792762956,0,2.17017361574225,2.67938334327857,10.3122005428595,2.57515859195162,0,0,0,6.84428011477247,0,1.93635534256783,0,0,0.110599105860783,0,0,0.239583730434597,0,0,28.485178342158,0,0.764550821958903,0.651366933834029,57.2721754562738
BNT_Naive_12_Day10,1.63319917849819,1.98365611469933,0,6.61867067072579,4.18158640954007,5.31796922400427,2.20260321754352,0,0,0,2.68721454517193,0,0,0,0,2.49248012805195,0.350276986696561,0.007524346560537,1.32348630213166,0,0,32.4169003383534,0,0.770252895227949,0.644072566789318,61.2155674619772
BNT_Naive_12_Day34,0.421237838194099,1.20683330899861,0,3.38136205961263,1.60699030020745,3.56961409661537,0.246032935442643,0.102089521254047,0.319978012205444,0,6.96451243818771,0.443336001715223,4.60736129004154,0,0,0.373039968261662,0,0,1.61414703428213,0,0,27.7750967957419,0,0.800851763197094,0.606325699222711,52.6316316007605
BNT_Naive_12_Day35,0.927754026559425,1.34949906334469,0,1.78933909250428,0.903214587214534,3.23942153725188,0.402432137004691,0.317344743219923,0.214832310389351,0,4.89480664214083,0.355118947118189,4.71740068190308,0,0,0.57535817239243,0,0.0292810476171511,2.01108184418264,0,0,35.9954712546094,0,0.817420991995334,0.578458706125305,57.7223560874525
BNT_Naive_12_Day41,1.46026533376561,0.39552446478844,0.0670401732515195,2.67088942809111,3.85499601414458,3.47902122778266,0.873809099476701,0.11689663817927,0.0291623780692425,0,6.95291436613646,0,7.6182949835202,0,0,0.677754715263063,0,0,1.33609504001478,0,0,28.267360795311,0,0.783807529046676,0.629009335181769,57.8000246577947
BNT_Naive_13_Day0,1.33505374381641,1.60165809896744,0,1.73740830249875,2.41212840796128,8.03553633274058,0.9947588906369,0,0,0,2.59503953855077,0,0,0,0,2.27210367368073,0.0903915821225565,0,1.90712398627265,0,0,34.7518125644249,0,0.759840997771254,0.651425490784301,57.733015121673
BNT_Naive_13_Day10,0.349558473649699,1.73324786168852,0,1.27869829017438,4.02970182567755,5.91135649988626,1.87740316773287,0,0,0,7.15049802880543,0,0,0,0,0.630372755482383,0,0,1.94023561059032,0,0,43.4860682676814,0,0.781720398147411,0.625692263831084,68.3871407813688
BNT_Naive_13_Day35,0.592926170881593,1.18681111580754,0,1.86040389113009,0,1.09697312585916,1.41307854394159,0,0,0,6.23806826772833,0,7.71008347095531,0,0,0.787981184775558,0,0,2.82154609043479,0,0,35.4435995396267,0,0.781801221012856,0.625154237708346,59.1514714011407
BNT_Naive_14_Day0,0,3.5815752456049,0,3.35129849376451,5.48344817125229,2.88617636777087,2.20352325331807,0,0,0,3.29560485299361,0,0,0,0.0883054984345895,1.74872002958344,0.238537844790192,0,1.72559771413062,0,0,37.7173180739843,0,0.761169004107032,0.64985766792243,62.3201055456274
BNT_Naive_14_Day11,1.42446046571723,1.20382575695778,0,3.60438836159728,4.12740582451653,4.56743418162856,2.88351381614462,0,0,0,4.34303561581967,0,0,0,0.0795372967880776,2.6546217996218,0.235183458316319,0,1.71923932872141,0,0,36.3150485371365,0,0.760677051741811,0.651153073963421,63.1576944429658
BNT_Naive_14_Day40,1.01370135873324,0.532328216445895,0.0638547963888622,3.4545520367196,1.61475257656559,0,1.54151434392329,0,0,0,10.002654975455,0,8.14779423781795,0,0,0.436807034850878,0,0,1.66903802210399,0,0,29.4437495759007,0,0.783099108437646,0.626422985965741,57.9207471749049
BNT_Naive_14_Day41,1.29857121108966,1.36343056747212,0.00250843776758895,3.15266491208353,3.22737943393181,0,2.08681214197744,0.112446158872863,0,0,3.49767284516363,0,5.92413303615884,0,0.0820124840049144,2.29323218415405,0.293877969281911,0,2.1488292168906,0,0,29.3720795817594,0,0.78236041997559,0.626916764187462,54.8556501806084
BNT_Naive_14_Day48,1.54289327495182,1.40305334636107,0,4.09451181829627,1.94987458812181,1.29954568805312,0.680888307449099,0.0981848635907918,0.177728864925602,0.550737414167827,7.25962936586642,0,7.01754308241522,0,0,0.378003530659189,0,0,0.545917418819447,0,0,27.9753313070448,0,0.758734960126592,0.654299710390436,54.9738428707224
BNT_Naive_1_Day0,0.996467554184502,2.18525882287458,0,1.72720322934796,6.67036993122014,1.55911126991719,2.59756791412531,0,0,0,1.06595049251988,0.296658861175871,0,0,0.0389429071141036,2.29896802447902,0.267685809335933,0.0693253152264599,2.73915272692649,0,0,29.3621177347085,0,0.700326429818864,0.714353618430364,51.8747805931559
BNT_Naive_1_Day10,1.36740789882795,0.5315356827067,0,0.111695496816889,8.54249953245048,6.25599370478213,2.71047659977266,0,0,0,4.032292633411,0,1.04801964582584,0,0,0.473945549589588,0,0,0.833233147261514,0,0,36.6771421123575,0,0.750846925685155,0.661363284283692,62.5842420038023
BNT_Naive_1_Day34,0.613165682866543,1.37055954443871,0,1.25402156273795,5.39425680724273,2.03564107246979,1.43169554927664,0.632060168545287,0.110936229014522,0.357372452541208,3.24473489863703,0.25367380569356,4.79039356436282,0,0,0.334623814538629,0,0,1.30426298618038,0,0,27.1466817207698,0,0.782429143436271,0.626546281601248,50.2740798593156
BNT_Naive_1_Day35,0.0271942336041781,2.57935140869009,0,3.49704826519442,3.33538771700412,0.439148408214156,0.697936630338092,0,1.38234907690583,0,2.49978086554113,1.3839593170833,2.1402647395075,0,0,1.97645348262355,0.438796663402981,0,1.65314321381815,0,0,36.602905282255,0,0.797478500884774,0.605414249694795,58.6537193041825
BNT_Naive_1_Day41,1.58205551963195,0.857960170597615,0,2.00201579727792,6.4521472264347,0.0912215294763593,1.67113562577161,0,0.580937931601214,0.439666126347115,1.95403179891883,0.053321646326328,0.612284111001586,0,0.0784760048035895,2.50880645402137,0.287055277389915,0,2.51458950061777,0,0,37.3102408444209,0,0.770500708945971,0.639084967936745,58.9959455646388
BNT_Naive_2_Day0,2.95859409660437,0.530775441672656,0,3.56053799372539,1.40764229239812,2.86170747120527,2.93064931265325,0.397246950130583,0,2.38773578144109,2.8468899638245,0,3.11504602185342,0,0,0.621584308138584,0,0.118363865525514,1.87213468687415,0,1.38804444521372,22.5903032128459,0,0.759251736287608,0.663112850020386,49.5872558441065
BNT_Naive_2_Day10,3.48835335637047,0.72222756898475,0,4.02062807175138,4.24637065387245,8.14329938862178,1.2115791812254,0,0,1.33725259924637,2.61040226665722,0,3.68454037743587,0,0,0.356612905016685,0,0.185026106960086,1.18924121473459,0,0.625084733219211,22.3472535644969,0,0.720906116793903,0.702359964047478,54.1678719885931
BNT_Naive_2_Day34,3.53712970796727,0,0,4.14748264307975,3.42366800525654,0.349678601281866,1.56877357267593,0.434012174125519,0,0.730117233908266,4.83132706681925,0,6.34674244787363,0,0,0.781687307557655,0,0,2.15823721039518,0,0,31.0124717476903,0,0.732097724045722,0.682446586063899,59.3213277186312
BNT_Naive_2_Day35,3.01751640665635,0.376917011745104,0,3.14017168572537,0.703145322174602,1.46254055153013,2.32406643951211,0.35410554394469,0.134914168545465,0.810611049180229,5.61941937050283,0,6.63616284596516,0,0,0,0,0.140120183903417,2.55283464192585,0,0,40.2490097083465,0,0.778185297219082,0.629685199168854,67.5215349296578
BNT_Naive_2_Day41,3.31763293844995,0.177880096857272,0,3.80038668774182,5.59043484916085,3.75974257241104,1.63236813553087,0,0,0.905995702268372,5.42223859422501,0,6.66807116843532,0,0,0.930310707135648,0,0,0.920735494895591,0,0,32.5745579540289,0,0.719403207845901,0.696011119050684,65.7003549011407
BNT_Naive_3_Day0,0.277710436199071,1.82145918713955,0,0.319817444672775,5.21840349149648,1.3504050013027,0.616701371956386,0.166786351266059,0,1.73790370061794,2.01216336516124,0,5.50701180176525,0,0,0.798705323589858,0,0,2.22251000479541,0,0,33.7802338603415,0,0.752535754878376,0.660554017710823,55.8298113403042
BNT_Naive_3_Day10,0.400172615728976,0.975845094543986,0,0.925422059705206,5.97474021133157,10.5827052948405,1.01784155042398,0,0,0,4.44483762995261,0,0,0,0,0.421074892408076,0,0,0,0,0,46.7327066795822,0,0.776204456824929,0.633495024719815,71.4753460285171
BNT_Naive_3_Day34,0,1.29624303914653,0.221084996809561,0.106806469887108,6.1267959356543,0.932471752726421,1.56453667526836,0.12705516386044,0.226067380175055,0,4.92616334959013,0,4.67664966047124,0,0,0.29126531200539,0,0,1.36935370345016,0,0,36.925630583769,0,0.801417539168793,0.599700133157768,58.7901240228137
BNT_Naive_3_Day35,1.43950421738012,0.379537417513605,0,0,6.24959952880515,0,1.99909363860316,0.56801105311572,0.268983090540641,0.805244185408027,3.12213970587035,0,4.64375776963398,0,0,0.892555460676329,0,0.0115875290417382,0.935319918750358,0,0,46.8484662888433,0,0.78912795151253,0.620852071160566,68.1637998041825
BNT_Naive_3_Day41,0,1.07989244851189,0.28876131945804,0,7.28519456772915,0.547054770245511,1.68121299113207,0.101258844733701,0.226690722356443,0.57767159400271,4.57191761982648,0,4.18346766345667,0,0,0.506860956928641,0,0,0.810482321713566,0,0,40.0328517179279,0,0.789284012247268,0.616588270957799,61.8933175380228
BNT_Naive_4_Day0,2.91908854321158,0,0,0.00962723880647006,5.42834038054398,6.91224553136173,0.967901120048712,0,0,0,2.32175919188856,0,6.58343418994311,0,0,0,0,0,1.02816519245815,0,0,29.6894436250457,0,0.747362241022511,0.66536575671249,55.860005013308
BNT_Naive_4_Day34,2.89677071513698,0,0,0.532352660296106,5.03994437795259,3.4772841775483,0.0830127476274987,0.51123303998174,0.594509409171516,0,2.70892624263428,0,5.17274252328756,0,0,0.739318227136624,0,0,1.57424704267723,0,0,29.3948301882606,0,0.796267994585149,0.60864655733317,52.725171351711
BNT_Naive_4_Day35,3.0624507585146,0.0646369801427788,0,1.29104651394436,2.50543270504248,1.82133443379862,0,1.74035234082061,1.12683588679358,0.124408500821644,3.06076604057796,0,3.44165089226345,0,0,0.299402881285474,0.154143258337898,0,1.32979028117655,0,0,30.6488532146929,0,0.80408665165864,0.597143086588507,50.6711046882129
BNT_Naive_4_Day41,3.41693398554956,0,0.0278198740221421,1.95373100288657,4.85589983460408,3.7639237557843,0.0827392213272792,0.115213072237525,0.991660727318136,0,2.28183856024135,0.701497943302886,7.77145078104534,0,0,0.252272283679767,0,0,1.6923042885037,0,0,17.9134706942122,0,0.692128770492243,0.726476403822055,45.8207560247148
BNT_Naive_4_Day7,1.56963122775514,0.397638790299767,0,0,5.71081285644686,8.13545249943664,1.57247460174744,0,0,0,5.3390992096124,0,4.32470552484439,0,0,0.270861481160726,0,0,0,0,0,38.2234590254267,0,0.796566305713088,0.60701225591829,65.54413521673
BNT_Naive_5_Day0,1.34291089731599,0.937660671277215,0,4.87535957614644,2.79099378136689,5.33815027256623,3.57417327718058,0,0,0,3.96747624416292,0,0,0,0,0.852341921228048,0,0,1.01142535988725,0,0,39.2708489456365,0,0.766803017833398,0.643489407868592,63.9613409467681
BNT_Naive_5_Day11,0.506722450880706,1.14604704773746,0,4.60465986698852,5.49447570871213,2.50112711429938,4.80224633085973,0,0,0,5.11293795757202,0,0,0,0,0.61007579774652,0,0.0173731562674863,1.66967275866429,0,0,58.5357132798535,0,0.804982746933727,0.596906842917432,85.0010514695818
BNT_Naive_5_Day35,0,1.94684543359415,0.0357256513794682,4.51942028871864,0,0,2.74730053475665,0.793239355601735,0,0,7.56180394675731,0,3.84806571235335,0,0,0.628886181546862,0,0.0638033788872304,1.85067460076424,0,0,52.3209251475795,0,0.812584489292847,0.587562947243755,76.3166902319392
BNT_Naive_5_Day41,0,2.71752754252168,0,8.71403676796705,0.0431784992377317,0,2.65096959937535,0,2.21230819610099,0,4.27922167592202,0.0529226543971225,0.231169976686682,0,0,1.61552920916095,0.521308930642173,0,1.66775745050881,0,0,41.3623440735251,0,0.81370233776543,0.584795070609398,66.0682745760456
BNT_Naive_6_Day0,1.47506237641711,2.64948980744822,0,1.25794744772829,3.44452014055501,2.3461197617335,2.34099216279914,0,0,0.358484560514641,1.99956057851333,0,0,0,0.139960599564733,2.83644230871942,0.419274792722167,0,3.79225766868079,0,0,40.1191969504972,0,0.744786080995301,0.669693660648164,63.1793091558935
BNT_Naive_6_Day10,1.61292959753976,2.18546931789598,0.126088498410817,1.92265362548717,2.56779304659414,3.18911643369431,1.89809054074131,0,0,0,1.52163592064167,1.05280788909048,4.4974828319032,0,0,3.25267677346339,0.427569505946684,0,3.16165893250452,0,0,45.2586719225885,0,0.763970698188264,0.647115489219575,72.6746448365019
BNT_Naive_6_Day34,0.863888901335224,2.52709041654759,0,1.36569706044527,4.58839212721528,0.510703437340296,2.80129532565279,0,0,0.606220432073221,2.57412942333443,0.70592631746183,0,0,0,2.55813681527073,0.282147211633338,0,4.42113984053679,0,0.131553967516878,46.6105273985413,0,0.701458988760363,0.722448523330151,70.5468486749049
BNT_Naive_6_Day35,1.50780290309919,1.82628487587992,0.407799416404598,4.62790481683623,2.25698006771987,0,0.780200927430078,1.12697844270776,0,0.621550639154865,2.10907501885878,2.55343613346028,5.84877977705828,0,0,2.65648630078406,0.217358136662025,0.131588343020958,4.04037322439787,0,0.62742988529356,32.9465019771632,0,0.611690909614595,0.795526716963903,64.2865308859316
BNT_Naive_6_Day41,0.666919488616917,1.92952857454604,0,0,5.25821352552318,2.22440018660933,2.74197305740118,0,0,0.328088828277103,5.48847811818378,0,6.79887698847504,0,0,0.503751862966064,0,0,1.96321339321597,0,1.354585667733,36.4427927989467,0,0.696189627401417,0.71958959482918,65.7008224904943
BNT_Naive_7_Day0,4.97916079268065,0.413877915978151,0,0.498974964997605,4.22641233775039,4.6812968045039,1.08997452604576,0,0,0,4.64605851039335,0,2.03970506754614,0,0,0.181965355894858,0,0,1.26209186655544,0,0,39.9760068348401,0,0.783129595783245,0.6238349877805,63.9955249771863
BNT_Naive_7_Day34,4.89048927448302,0,0,2.27417462184604,5.27436285448289,0,1.16945346873238,0.483008220982344,0.318933395536641,0,4.52121537722066,0,5.96143187743696,0,0,0.476894774160808,0,0,0.736616208704725,0,0,38.2301981279345,0,0.799271752571517,0.603184068369943,64.3367782015209
BNT_Naive_7_Day35,1.96990415846318,0.460162528602599,0,0,3.34558862805198,0.384163858431694,1.52294089570108,0.327551333645931,0,0.959056351048036,3.41633866064966,0,3.1073178008752,0,0,0.600288451713744,0,0.0851656900528123,1.266110169923,0,0,48.5733636591529,0,0.81956131140247,0.583154702722536,66.0179521863118
BNT_Naive_7_Day41,1.93681360119743,1.76430349254811,0,3.05120794115918,1.45647472799429,1.29763314555516,2.24916292256503,0,1.31095883635467,0,6.95057005333908,0,5.09490069125727,0,0,1.71547082468549,0,0.810718702112696,0.217965658773087,0,0,39.7602571971353,0,0.777417361638556,0.630893618473313,67.6164377946768
BNT_Naive_7_Day7,4.42848763023915,0.544987162201338,0,1.95506088548048,5.81042617081651,9.23476755134198,1.18253149934272,0,0,0,4.9474592328952,0,0,0,0,0.941136679710542,0,0.136318909486432,0.0718259614858933,0,0,45.3695905204218,0,0.788486673083585,0.617379963133969,74.6225922034221
BNT_Naive_8_Day0,1.44505311650705,2.27588519909788,0,2.92569736258652,3.14324709928905,3.04281017661749,2.51936992226526,0,0,1.58958786647996,2.00692000421789,0,0,0,0.0657813703413134,2.53037854375335,0.343926342023878,0.0539060830351832,2.84578108922533,0,0,32.8892518530769,0,0.758541513684395,0.653842955206447,57.6775960285171
BNT_Naive_8_Day10,1.84237698933451,1.30807802439212,0,1.47250682054233,2.83734860295408,8.31522448834074,1.98813688200121,0,0,0,5.55042828654041,0,3.76461589766404,0,0,0.368886206838627,0,0,1.37254931054203,0,0,31.6820629604316,0,0.732732546420815,0.682163452067403,60.5022144695818
BNT_Naive_8_Day34,1.11940179255371,3.16755746262279,0,3.65315692851387,2.91698595194798,0.410100438346747,0.148256290328517,1.66998124194746,0.210207829225984,1.49929906158054,3.42582046607684,1.26944249364751,9.80287189901898,0,0,0.975203003088504,0,0,1.95763410053526,0,0.478858830308145,18.4273065353522,0,0.654400921348705,0.758595015508796,51.1320843250951
BNT_Naive_8_Day41,0.407158789044141,2.45041540445014,0,2.92896016015222,3.35339737919395,6.54338940902867,1.8576919761976,0,0,0,5.6934707291903,0,5.52955117830271,0,0,0.825694535234117,0,0,0.731143192727993,0,0,32.101605257885,0,0.712985277520771,0.701894963910842,62.4224780114068
BNT_Naive_9_Day0,0.928336322542669,0.723096303879382,0.0538577500526474,2.92006169770173,3.51689617100487,3.07340162401768,1.4899328211476,0,0,0,1.76926426625352,0.380146024636902,0.707430203740766,0,0.0719039298571608,2.27898523409616,0.257301615282733,0,3.24120842231386,0,0,36.2440275735484,0,0.769079249677483,0.640718000300951,57.655849960076
BNT_Naive_9_Day10,0.166301856244859,0.982208399510379,0.168854915838819,1.19949361452212,3.81094072947079,8.53621409582692,1.66468987639286,0,0,0,5.35748381703021,0,8.03578532577612,0,0,0,0,0.0451287518273028,0.897367396493691,0,0,28.3251246697351,0,0.756464860241666,0.658919116418329,59.1895934486692
BNT_Naive_9_Day34,0.794378874856676,0.77882000624974,0.186452799389082,1.93374810018963,2.37552303218164,2.27191555851963,0.872918636635649,0.321148456564562,0,0.214466731846761,6.01449852036841,0,6.96256946573386,0,0,0.178807730101761,0,0,0.213010615396133,0,0,28.2305227305216,0,0.768049065555421,0.641862809658922,51.3487812585551
BNT_Naive_9_Day35,1.10951424520704,0.826760981113897,0,2.94814685212942,1.43385099956853,0.949796894620528,0,1.69109155756149,0,0.17127808378674,2.7437796245655,0.484761244929627,6.83220332053886,0,0,2.13792945477955,0.26371270980443,0,1.90331484212434,0,0,32.019484364175,0,0.785663249070298,0.620226501897201,55.5156251749049
BNT_Naive_9_Day41,1.04111401519581,1.2977643380754,0,3.27113543568956,4.83050370735591,3.30424676342015,1.7895369879378,0,0,0.337628025850221,1.49414618096562,0,3.04105149425203,0,0,2.30227093221671,0.366501007654092,0,0.665746967405759,0,0,30.6024472219277,0,0.801825768789904,0.602496612632811,54.3440930779468
